{
  "schema_version": "1.0",
  "project_name": "UNSW-NB15_MLOPS",
  "model_family": "xgboost",
  "artifact_format": "onnx",
  "n_features": 34,
  "threshold": 0.757143,
  "feature_source": "feature_names.json",
  "metrics_at_threshold": {
    "precision": 0.9381473409872161,
    "recall": 0.9211153269213801,
    "f1": 0.9295533219799423,
    "roc_auc": 0.9805389430174021,
    "fpr": 0.07440540540540541,
    "tp": 41756,
    "fp": 2753,
    "tn": 34247,
    "fn": 3576
  },
  "training_context": {
    "dataset": "UNSW-NB15",
    "recall_min_constraint": 0.95
  }
}